<FWPropertyManager>
    <!-- This file is used by XMLCustomiser to map from the old
         names present in the val.xml file to the new names used
         by the rule files.  Each block is a key from val.xml with
         the new name it has in the rules, the sub keys are then
         values from val.xml with the options from the rule files.
         If the value in val.xml is missing we assume it doesn't need
         mapping (ie. for true and false values we dont have to list them).

         This file currently contains a lot of repetition - the paper sizes
         are listed for each drawer even though they are all mostly the same.
         If anyone can think of a way to reduce the redunadancy feel free to modify.
    -->

    <!-- TOP ACCESS MAPPINGS -->
    <Item id="EnableTALink" value="EnableTALink">
        <Item id="true" value="True" />
        <Item id="false" value="False" />
    </Item>

    <Item id="OverwriteUserLoginWithNickname" value="OverwriteUserLoginWithNickname">
        <Item id="true" value="True" />
        <Item id="false" value="False" />
    </Item>

    <!-- HSP -->
    <Item id="EnableHSP" value="EnableHSP">
        <Item id="0" value="DefaultOff" />
        <Item id="1" value="DefaultOn" />
        <Item id="2" value="NeverOn" />
        <Item id="3" value="AlwaysOn" />
    </Item>

    <!-- SNMP RELATION OPTIONS -->
    <Item id="UpdateAuto" value="UpdateAutomatically">
        <Item id="true"  value="True" />
        <Item id="false" value="False" />
    </Item>

    <Item id="EnableSNMP" value="SNMPSupported">
        <Item id="true" value="True" />
        <Item id="false" value="False" />
    </Item>

    <Item id="SNMPCommunityName" value="SNMPCommunityName">
        <Item id="private" value="private" />
    </Item>

    <Item id="AutoConfig" value="AutoConfig">
        <Item id="true" value="true" />
        <Item id="false" value="false" />
    </Item>

    <Item id="PasswordEncrypt" value="PasswordEncrypt">
        <Item id="0" value="0" />
        <Item id="1" value="1" />
        <Item id="2" value="2" />
    </Item>

  <Item id="RotateNup" value="RotateNup">
    <Item id="true" value="True" />
    <Item id="false" value="False" />
  </Item>

  <Item id="EnableCoinController" value="EnableCoinController">
    <Item id="0" value="FollowSnmp" />
    <Item id="1" value="HideAutoColour" />
  </Item>

    <Item id="IEPrintMode" value="IEPrintMode">
        <Item id="false" value="False" />
        <Item id="true" value="True" />
    </Item>

    <!-- DEVICE SETTINGS RELATED OPTIONS -->
    <!-- Default Duplexing: disabled:0, enabled:1, ErpLot4:2 -->
    <Item id="DefaultDuplexing" value="DefaultDuplexing">
        <Item id="0" value="0" />
        <Item id="1" value="1" />
        <Item id="2" value="2" />
    </Item>

    <Item id="ModelName" value="ModelNumber">
        <Item id="Universal"        value="Universal"            />
        <Item id="e-STUDIO8508A"    value="TOSHIBA_eSTUDIO8508A" />
        <Item id="e-STUDIO7508A"    value="TOSHIBA_eSTUDIO7508A" />
        <Item id="e-STUDIO6570C"    value="TOSHIBA_eSTUDIO6570C" />
        <Item id="e-STUDIO6560C"    value="TOSHIBA_eSTUDIO6560C" />
        <Item id="e-STUDIO5560C"    value="TOSHIBA_eSTUDIO5560C" />
        <Item id="e-STUDIO6550C"    value="TOSHIBA_eSTUDIO6550C" />
        <Item id="e-STUDIO6540C"    value="TOSHIBA_eSTUDIO6540C" />
        <Item id="e-STUDIO6530C"    value="TOSHIBA_eSTUDIO6530C" />
        <Item id="e-STUDIO6520C"    value="TOSHIBA_eSTUDIO6520C" />
        <Item id="e-STUDIO6508A"    value="TOSHIBA_eSTUDIO6508A" />
        <Item id="e-STUDIO5540C"    value="TOSHIBA_eSTUDIO5540C" />
        <Item id="e-STUDIO5520C"    value="TOSHIBA_eSTUDIO5520C" />
        <Item id="e-STUDIO5508A"    value="TOSHIBA_eSTUDIO5508A" />
        <Item id="e-STUDIO8518A"    value="TOSHIBA_eSTUDIO8518A" />
        <Item id="e-STUDIO7518A"    value="TOSHIBA_eSTUDIO7518A" />
        <Item id="e-STUDIO6518A"    value="TOSHIBA_eSTUDIO6518A" />
        <Item id="e-STUDIO5518A"    value="TOSHIBA_eSTUDIO5518A" />
        <Item id="e-STUDIO8618A"    value="TOSHIBA_eSTUDIO8618A" />
        <Item id="e-STUDIO7618A"    value="TOSHIBA_eSTUDIO7618A" />
        <Item id="e-STUDIO6618A"    value="TOSHIBA_eSTUDIO6618A" />
        <Item id="e-STUDIO5618A"    value="TOSHIBA_eSTUDIO5618A" />
        <Item id="e-STUDIO5055C"    value="TOSHIBA_eSTUDIO5055C" />
        <Item id="e-STUDIO4555C"    value="TOSHIBA_eSTUDIO4555C" />
        <Item id="e-STUDIO4540C"    value="TOSHIBA_eSTUDIO4540C" />
        <Item id="e-STUDIO4520C"    value="TOSHIBA_eSTUDIO4520C" />
        <Item id="e-STUDIO3555C"    value="TOSHIBA_eSTUDIO3555C" />
        <Item id="e-STUDIO3540C"    value="TOSHIBA_eSTUDIO3540C" />
        <Item id="e-STUDIO3530C"    value="TOSHIBA_eSTUDIO3530C" />
        <Item id="e-STUDIO3520C"    value="TOSHIBA_eSTUDIO3520C" />
        <Item id="e-STUDIO3055C"    value="TOSHIBA_eSTUDIO3055C" />
        <Item id="e-STUDIO3040C"    value="TOSHIBA_eSTUDIO3040C" />
        <Item id="e-STUDIO2830C"    value="TOSHIBA_eSTUDIO2830C" />
        <Item id="e-STUDIO2820C"    value="TOSHIBA_eSTUDIO2820C" />
        <Item id="e-STUDIO2555C"    value="TOSHIBA_eSTUDIO2555C" />
        <Item id="e-STUDIO2551C"    value="TOSHIBA_eSTUDIO2551C" />
        <Item id="e-STUDIO2550C"    value="TOSHIBA_eSTUDIO2550C" />
        <Item id="e-STUDIO2540C"    value="TOSHIBA_eSTUDIO2540C" />
        <Item id="e-STUDIO2330C"    value="TOSHIBA_eSTUDIO2330C" />
        <Item id="e-STUDIO2055C"    value="TOSHIBA_eSTUDIO2055C" />
        <Item id="e-STUDIO2051C"    value="TOSHIBA_eSTUDIO2051C" />
        <Item id="e-STUDIO2050C"    value="TOSHIBA_eSTUDIO2050C" />
        <Item id="e-STUDIO2040C"    value="TOSHIBA_eSTUDIO2040C" />
        <Item id="e-STUDIO2020C"    value="TOSHIBA_eSTUDIO2020C" />
        <Item id="e-STUDIO857"      value="TOSHIBA_eSTUDIO857"   />
        <Item id="e-STUDIO855"      value="TOSHIBA_eSTUDIO855"   />
        <Item id="e-STUDIO757"      value="TOSHIBA_eSTUDIO757"   />
        <Item id="e-STUDIO755"      value="TOSHIBA_eSTUDIO755"   />
        <Item id="e-STUDIO657"      value="TOSHIBA_eSTUDIO657"   />
        <Item id="e-STUDIO655"      value="TOSHIBA_eSTUDIO655"   />
        <Item id="e-STUDIO557"      value="TOSHIBA_eSTUDIO557"   />
        <Item id="e-STUDIO555"      value="TOSHIBA_eSTUDIO555"   />
        <Item id="e-STUDIO856"      value="TOSHIBA_eSTUDIO856"   />
        <Item id="e-STUDIO756"      value="TOSHIBA_eSTUDIO756"   />
        <Item id="e-STUDIO656"      value="TOSHIBA_eSTUDIO656"   />
        <Item id="e-STUDIO556"      value="TOSHIBA_eSTUDIO556"   />
        <Item id="e-STUDIO507"      value="TOSHIBA_eSTUDIO507"   />
        <Item id="e-STUDIO457"      value="TOSHIBA_eSTUDIO457"   />
        <Item id="e-STUDIO455"      value="TOSHIBA_eSTUDIO455"   />
        <Item id="e-STUDIO357"      value="TOSHIBA_eSTUDIO357"   />
        <Item id="e-STUDIO355"      value="TOSHIBA_eSTUDIO355"   />
        <Item id="e-STUDIO307"      value="TOSHIBA_eSTUDIO307"   />
        <Item id="e-STUDIO305"      value="TOSHIBA_eSTUDIO305"   />
        <Item id="e-STUDIO257"      value="TOSHIBA_eSTUDIO257"   />
        <Item id="e-STUDIO207L"     value="TOSHIBA_eSTUDIO207L"  />
        <Item id="e-STUDIO506"      value="TOSHIBA_eSTUDIO506"   />
        <Item id="e-STUDIO456"      value="TOSHIBA_eSTUDIO456"   />
        <Item id="e-STUDIO356"      value="TOSHIBA_eSTUDIO356"   />
        <Item id="e-STUDIO306"      value="TOSHIBA_eSTUDIO306"   />
        <Item id="e-STUDIO256"      value="TOSHIBA_eSTUDIO256"   />
        <Item id="e-STUDIO255"      value="TOSHIBA_eSTUDIO255"   />
        <Item id="e-STUDIO206L"     value="TOSHIBA_eSTUDIO206L"  />
        <Item id="e-STUDIO205L"     value="TOSHIBA_eSTUDIO205L"  />
        <Item id="Loops-LP30_e-STUDIO306LP"     value="TOSHIBA_eSTUDIO306LP" />
        <Item id="e-STUDIO307LP_Loops-LP301"    value="TOSHIBA_eSTUDIO307LP" />
        <Item id="e-STUDIO407CS"    value="TOSHIBA_eSTUDIO407CS" />
        <Item id="e-STUDIO347CS"    value="TOSHIBA_eSTUDIO347CS" />
        <Item id="e-STUDIO287CS"    value="TOSHIBA_eSTUDIO287CS" />
        <Item id="e-STUDIO527S"     value="TOSHIBA_eSTUDIO527S"  />
        <Item id="e-STUDIO477S"     value="TOSHIBA_eSTUDIO477S"  />
        <Item id="MC780"            value="OKI_MC780"            />
        <Item id="MC770"            value="OKI_MC770"            />
        <Item id="MC760"            value="OKI_MC760"            />
        <Item id="MPS4242mc"        value="OKI_MPS4242mc"        />
        <Item id="MPS3537mc"        value="OKI_MPS3537mc"        />
        <Item id="ES7480MFP"        value="OKI_ES7480MFP"        />
        <Item id="ES7470MFP"        value="OKI_ES7470MFP"        />
        <Item id="ES7460MFP"        value="OKI_ES7460MFP"        />
        <Item id="MB770"            value="OKI_MB770"            />
        <Item id="MB760"            value="OKI_MB760"            />
        <Item id="MPS5502mb"        value="OKI_MPS5502mb"        />
        <Item id="MPS4900mb"        value="OKI_MPS4900mb"        />
        <Item id="ES7170MFP"        value="OKI_ES7170MFP"        />
        <Item id="ES9475MFP"        value="OKI_ES9475MFP"        />
        <Item id="ES9465MFP"        value="OKI_ES9465MFP"        />
        <Item id="ES9455MFP"        value="OKI_ES9455MFP"        />
        <Item id="ES9476MFP"        value="OKI_ES9476MFP"        />
        <Item id="ES9466MFP"        value="OKI_ES9466MFP"        />
        <Item id="CX4545MFP"        value="OKI_CX4545MFP"        />
        <Item id="CX3535MFP"        value="OKI_CX3535MFP"        />
        <Item id="ES9470MFP"        value="OKI_ES9470MFP"        />
        <Item id="ES9460MFP"        value="OKI_ES9460MFP"        />
        <Item id="ES9170MFP"        value="OKI_ES9170MFP"        />
        <Item id="ES9160MFP"        value="OKI_ES9160MFP"        />
        <Item id="e-STUDIO7506AC"     value="TOSHIBA_eSTUDIO7506AC"  />
        <Item id="e-STUDIO6506AC"     value="TOSHIBA_eSTUDIO6506AC"  />
        <Item id="e-STUDIO5506AC"     value="TOSHIBA_eSTUDIO5506AC"  />
        <Item id="e-STUDIO7516AC"     value="TOSHIBA_eSTUDIO7516AC" />
        <Item id="e-STUDIO6516AC"     value="TOSHIBA_eSTUDIO6516AC" />
        <Item id="e-STUDIO5516AC"     value="TOSHIBA_eSTUDIO5516AC" />
        <Item id="e-STUDIO7616AC"    value="TOSHIBA_eSTUDIO7616AC" />
        <Item id="e-STUDIO6616AC"    value="TOSHIBA_eSTUDIO6616AC" />
        <Item id="e-STUDIO5616AC"    value="TOSHIBA_eSTUDIO5616AC" />
        <Item id="e-STUDIO5005AC"     value="TOSHIBA_eSTUDIO5005AC"  />
        <Item id="e-STUDIO4505AC"     value="TOSHIBA_eSTUDIO4505AC"  />
        <Item id="e-STUDIO3505AC"     value="TOSHIBA_eSTUDIO3505AC"  />
        <Item id="e-STUDIO3005AC"     value="TOSHIBA_eSTUDIO3005AC"  />
        <Item id="e-STUDIO2505AC"     value="TOSHIBA_eSTUDIO2505AC"  />
        <Item id="e-STUDIO2005AC"     value="TOSHIBA_eSTUDIO2005AC"  />
        <Item id="e-STUDIO5015AC"     value="TOSHIBA_eSTUDIO5015AC" />
        <Item id="e-STUDIO4515AC"     value="TOSHIBA_eSTUDIO4515AC" />
        <Item id="e-STUDIO3515AC"     value="TOSHIBA_eSTUDIO3515AC" />
        <Item id="e-STUDIO3015AC"     value="TOSHIBA_eSTUDIO3015AC" />
        <Item id="e-STUDIO2515AC"     value="TOSHIBA_eSTUDIO2515AC" />
        <Item id="e-STUDIO2015AC"     value="TOSHIBA_eSTUDIO2015AC" />
        <Item id="e-STUDIO2500AC"     value="TOSHIBA_eSTUDIO2500AC"  />
        <Item id="e-STUDIO2000AC"     value="TOSHIBA_eSTUDIO2000AC"  />
        <Item id="e-STUDIO2510AC"     value="TOSHIBA_eSTUDIO2510AC" />
        <Item id="e-STUDIO2010AC"     value="TOSHIBA_eSTUDIO2010AC" />
        <Item id="e-STUDIO2610AC"    value="TOSHIBA_eSTUDIO2610AC" />
        <Item id="e-STUDIO2110AC"    value="TOSHIBA_eSTUDIO2110AC" />
        <Item id="e-STUDIO5115AC"    value="TOSHIBA_eSTUDIO5115AC" />
        <Item id="e-STUDIO4615AC"    value="TOSHIBA_eSTUDIO4615AC" />
        <Item id="e-STUDIO3615AC"    value="TOSHIBA_eSTUDIO3615AC" />
        <Item id="e-STUDIO3115AC"    value="TOSHIBA_eSTUDIO3115AC" />
        <Item id="e-STUDIO2615AC"    value="TOSHIBA_eSTUDIO2615AC" />
        <Item id="e-STUDIO5008A"     value="TOSHIBA_eSTUDIO5008A"  />
        <Item id="e-STUDIO4508A"     value="TOSHIBA_eSTUDIO4508A"  />
        <Item id="e-STUDIO3508A"     value="TOSHIBA_eSTUDIO3508A"  />
        <Item id="e-STUDIO3008A"     value="TOSHIBA_eSTUDIO3008A"  />
        <Item id="e-STUDIO2508A"     value="TOSHIBA_eSTUDIO2508A"  />
        <Item id="e-STUDIO2008A"     value="TOSHIBA_eSTUDIO2008A"  />
        <Item id="e-STUDIO5018A"     value="TOSHIBA_eSTUDIO5018A" />
        <Item id="e-STUDIO4518A"     value="TOSHIBA_eSTUDIO4518A" />
        <Item id="e-STUDIO3518A"     value="TOSHIBA_eSTUDIO3518A" />
        <Item id="e-STUDIO3018A"     value="TOSHIBA_eSTUDIO3018A" />
        <Item id="e-STUDIO2518A"     value="TOSHIBA_eSTUDIO2518A" />
        <Item id="e-STUDIO2018A"     value="TOSHIBA_eSTUDIO2018A" />
        <Item id="e-STUDIO5118A"     value="TOSHIBA_eSTUDIO5118A" />
        <Item id="e-STUDIO4618A"     value="TOSHIBA_eSTUDIO4618A" />
        <Item id="e-STUDIO3618A"     value="TOSHIBA_eSTUDIO3618A" />
        <Item id="e-STUDIO3118A"     value="TOSHIBA_eSTUDIO3118A" />
        <Item id="e-STUDIO2618A"     value="TOSHIBA_eSTUDIO2618A" />
        <Item id="e-STUDIO5018LP"    value="TOSHIBA_eSTUDIO5018LP" />
        <Item id="e-STUDIO5008LP_Loops-LP50"    value="TOSHIBA_eSTUDIO5008LP" />
        <Item id="e-STUDIO4508LP_Loops-LP45"    value="TOSHIBA_eSTUDIO4508LP" />
        <Item id="e-STUDIO3508LP_Loops-LP35"    value="TOSHIBA_eSTUDIO3508LP" />
        <Item id="MPS"              value="MPS"                  />
        <Item id="e-STUDIO400AC"    value="TOSHIBA_eSTUDIO400AC" />
        <Item id="e-STUDIO330AC"    value="TOSHIBA_eSTUDIO330AC" />
        <Item id="e-STUDIO6525AC"    value="TOSHIBA_eSTUDIO6525AC" />
        <Item id="e-STUDIO5525AC"    value="TOSHIBA_eSTUDIO5525AC" />
        <Item id="e-STUDIO4525AC"    value="TOSHIBA_eSTUDIO4525AC" />
        <Item id="e-STUDIO3525AC"    value="TOSHIBA_eSTUDIO3525AC" />
        <Item id="e-STUDIO3025AC"    value="TOSHIBA_eSTUDIO3025AC" />
        <Item id="e-STUDIO2525AC"    value="TOSHIBA_eSTUDIO2525AC" />
        <Item id="e-STUDIO2025AC"    value="TOSHIBA_eSTUDIO2025AC" />
        <Item id="e-STUDIO2520AC"    value="TOSHIBA_eSTUDIO2520AC" />
        <Item id="e-STUDIO2020AC"    value="TOSHIBA_eSTUDIO2020AC" />
        <Item id="e-STUDIO6528A"    value="TOSHIBA_eSTUDIO6528A" />
        <Item id="e-STUDIO5528A"    value="TOSHIBA_eSTUDIO5528A" />
        <Item id="e-STUDIO4528A"    value="TOSHIBA_eSTUDIO4528A" />
        <Item id="e-STUDIO3528A"    value="TOSHIBA_eSTUDIO3528A" />
        <Item id="e-STUDIO3028A"    value="TOSHIBA_eSTUDIO3028A" />
        <Item id="e-STUDIO2528A"    value="TOSHIBA_eSTUDIO2528A" />
        <Item id="e-STUDIO9029A"    value="TOSHIBA_eSTUDIO9029A" />
        <Item id="e-STUDIO7529A"    value="TOSHIBA_eSTUDIO7529A" />
        <Item id="e-STUDIO6529A"    value="TOSHIBA_eSTUDIO6529A" />
        <Item id="e-STUDIO7527AC"   value="TOSHIBA_eSTUDIO7527AC" />
        <Item id="e-STUDIO6527AC"   value="TOSHIBA_eSTUDIO6527AC" />
        <Item id="e-STUDIO6526AC"   value="TOSHIBA_eSTUDIO6526AC" />
    </Item>

    <Item id="Drawers" value="Drawers">
        <Item id="Drawer 1"                 value="Drawer1" />
        <Item id="Drawer 1 + LCF"           value="Drawer1_LCF" />
        <Item id="Drawer 1 + Drawer 3"      value="Drawer1_Drawer3" />
        <Item id="Drawer 1 + Drawer 3,4"    value="Drawer1_Drawer3_4" />
        <Item id="Drawer 1 + Drawer 2"      value="Drawer1_Drawer2" />
        <Item id="Drawer 1,2 + Drawer 3"    value="Drawer1_2_Drawer3" />
        <Item id="Drawer 1,2 + Drawer 3,4"  value="Drawer1_2_Drawer3_4" />
        <Item id="Drawer 1,2 + LCF"         value="Drawer1_2_LCF" />
    </Item>

    <Item id="Finisher" value="FinisherModel">
        <Item id="None"                              value="None" />
        <Item id="Hanging Finisher (1 Tray)"         value="HangingFinisher_1Tray" />
        <Item id="Hanging Finisher (2 Trays)"        value="HangingFinisher_2Tray" />
        <Item id="Inner Finisher"                    value="InnerFinisher" />
        <Item id="Inner Finisher (1 Tray)"           value="InnerFinisher_1Tray" />
        <Item id="Finisher (2 Trays + 1 Fixed Tray)" value="Finisher_2Trayn1FixedTray" />
        <Item id="Finisher (2 Trays)"                value="Finisher_2Tray" />
        <Item id="Saddle Stitch Finisher (1 Tray)"   value="SaddleStitchFinisher_1Tray" />
        <Item id="Saddle Stitch Finisher (2 Trays)"  value="SaddleStitchFinisher_2Tray" />
        <Item id="Saddle Stitch Finisher (2 Trays + 1 Fixed Tray)"  value="SaddleStitchFinisher_2TraynFixedTray" />
        <Item id="Job Separator"                     value="JobSeparator" />
        <Item id="Offset Stacker"                    value="OffSetStacker" />
    </Item>

    <Item id="PunchUnit" value="HolePunchUnit">
        <Item id="None"         value="None" />
        <Item id="2 Holes"      value="_2Holes" />
        <Item id="2/3 Holes"    value="_23Holes" />
        <Item id="4 Holes (F)"  value="_4FHoles" />
        <Item id="4 Holes (S)"  value="_4SHoles" />
    </Item>

    <Item id="ExternalLCF" value="ExternalLCF">
        <Item id="None"         value="None" />
        <Item id="External LCF" value="ExternalLCF" />
        <Item id="External LCF &amp; Additional External LCF" value="ExternalLCF2" />
        <!-- TODO No option exists for this: -->
        <Item id="Large Size External LCF"  value="ExternalLCF" />
    </Item>

    <Item id="Inserter" value="InserterUnit">
        <Item id="true"  value="True" />
        <Item id="false" value="False" />
    </Item>

    <Item id="OverrideDriverPaperSettings" value="OverrideDPS">
        <Item id="true"  value="True" />
        <Item id="false" value="False" />
    </Item>

    <!-- DRAWER PAPER SIZES -->

    <Item id="Drawer1Paper" value="Drawer1_PaperSize">
        <Item id="Letter"       value="Letter" />
        <Item id="Ledger"       value="Ledger" />
        <Item id="LEGAL"        value="Legal" />
        <Item id="STATEMENT"    value="Statement" />
        <Item id="Executive"    value="Executive" />
        <Item id="A3"           value="A3" />
        <Item id="A4"           value="A4" />
        <Item id="A5"           value="A5" />
        <Item id="B4"           value="B4" />
        <Item id="B5"           value="B5" />
        <Item id="Folio"        value="Folio" />
        <Item id="Computer"     value="Computer" />
        <Item id="13&quot;LG"   value="Legal13" />
        <Item id="13.5&quot;LG" value="Legal135" />
        <Item id="8.5&quot;SQ"  value="Square85" />
        <Item id="8K"           value="ROC8K" />
        <Item id="16K"          value="ROC16K" />
        <Item id="Letter-R"     value="LetterR" />
        <Item id="A4-R"         value="A4R" />
        <Item id="B5-R"         value="B5R" />
        <Item id="16K-R"        value="ROC16KR" />
        <Item id="12 x 18&quot;" value="A3Wide" />
        <Item id="305 x 457 mm" value="A3Wide" />
        <Item id="320 x 450 mm" value="SRA3" />
        <Item id="320 x 460 mm" value="_320x460mm" />
        <Item id="A4-Tab"       value="A4Tab" />
        <Item id="LT-Tab"       value="LetterTab" />
    </Item>

    <Item id="Drawer2Paper" value="Drawer2_PaperSize">
        <Item id="Letter"       value="Letter" />
        <Item id="Ledger"       value="Ledger" />
        <Item id="LEGAL"        value="Legal" />
        <Item id="STATEMENT"    value="Statement" />
        <Item id="Executive"    value="Executive" />
        <Item id="A3"           value="A3" />
        <Item id="A4"           value="A4" />
        <Item id="A5"           value="A5" />
        <Item id="B4"           value="B4" />
        <Item id="B5"           value="B5" />
        <Item id="Folio"        value="Folio" />
        <Item id="Computer"     value="Computer" />
        <Item id="13&quot;LG"   value="Legal13" />
        <Item id="13.5&quot;LG" value="Legal135" />
        <Item id="8.5&quot;SQ"  value="Square85" />
        <Item id="8K"           value="ROC8K" />
        <Item id="16K"          value="ROC16K" />
        <Item id="Letter-R"     value="LetterR" />
        <Item id="A4-R"         value="A4R" />
        <Item id="B5-R"         value="B5R" />
        <Item id="16K-R"        value="ROC16KR" />
        <Item id="12 x 18&quot;" value="A3Wide" />
        <Item id="305 x 457 mm" value="A3Wide" />
        <Item id="320 x 450 mm" value="SRA3" />
        <Item id="320 x 460 mm" value="_320x460mm" />
        <Item id="A4-Tab"       value="A4Tab" />
        <Item id="LT-Tab"       value="LetterTab" />
    </Item>

    <Item id="Drawer3Paper" value="Drawer3_PaperSize">
        <Item id="Letter"       value="Letter" />
        <Item id="Ledger"       value="Ledger" />
        <Item id="LEGAL"        value="Legal" />
        <Item id="STATEMENT"    value="Statement" />
        <Item id="Executive"    value="Executive" />
        <Item id="A3"           value="A3" />
        <Item id="A4"           value="A4" />
        <Item id="A5"           value="A5" />
        <Item id="B4"           value="B4" />
        <Item id="B5"           value="B5" />
        <Item id="Folio"        value="Folio" />
        <Item id="Computer"     value="Computer" />
        <Item id="13&quot;LG"   value="Legal13" />
        <Item id="13.5&quot;LG" value="Legal135" />
        <Item id="8.5&quot;SQ"  value="Square85" />
        <Item id="8K"           value="ROC8K" />
        <Item id="16K"          value="ROC16K" />
        <Item id="Letter-R"     value="LetterR" />
        <Item id="A4-R"         value="A4R" />
        <Item id="B5-R"         value="B5R" />
        <Item id="16K-R"        value="ROC16KR" />
        <Item id="12 x 18&quot;" value="A3Wide" />
        <Item id="305 x 457 mm" value="A3Wide" />
        <Item id="320 x 450 mm" value="SRA3" />
        <Item id="320 x 460 mm" value="_320x460mm" />
        <Item id="A4-Tab"       value="A4Tab" />
        <Item id="LT-Tab"       value="LetterTab" />
    </Item>

    <Item id="Drawer4Paper" value="Drawer4_PaperSize">
        <Item id="Letter"       value="Letter" />
        <Item id="Ledger"       value="Ledger" />
        <Item id="LEGAL"        value="Legal" />
        <Item id="STATEMENT"    value="Statement" />
        <Item id="Executive"    value="Executive" />
        <Item id="A3"           value="A3" />
        <Item id="A4"           value="A4" />
        <Item id="A5"           value="A5" />
        <Item id="B4"           value="B4" />
        <Item id="B5"           value="B5" />
        <Item id="Folio"        value="Folio" />
        <Item id="Computer"     value="Computer" />
        <Item id="13&quot;LG"   value="Legal13" />
        <Item id="13.5&quot;LG" value="Legal135" />
        <Item id="8.5&quot;SQ"  value="Square85" />
        <Item id="8K"           value="ROC8K" />
        <Item id="16K"          value="ROC16K" />
        <Item id="Letter-R"     value="LetterR" />
        <Item id="A4-R"         value="A4R" />
        <Item id="B5-R"         value="B5R" />
        <Item id="16K-R"        value="ROC16KR" />
        <Item id="12 x 18&quot;" value="A3Wide" />
        <Item id="305 x 457 mm" value="A3Wide" />
        <Item id="320 x 450 mm" value="SRA3" />
        <Item id="320 x 460 mm" value="_320x460mm" />
        <Item id="A4-Tab"       value="A4Tab" />
        <Item id="LT-Tab"       value="LetterTab" />
    </Item>

    <Item id="LCFPaper" value="LCF_PaperSize">
        <Item id="Letter"       value="Letter" />
        <Item id="A4"           value="A4" />
        <Item id="Folio"        value="Folio" />
        <Item id="Legal"        value="Legal" />
        <Item id="13&quot;LG"   value="Legal13" />
        <Item id="13.5&quot;LG" value="Legal135" />
    </Item>

    <Item id="ExternalLCFPaper" value="ExternalLCF_PaperSize">
        <Item id="Letter"       value="Letter" />
        <Item id="A4"           value="A4" />
        <Item id="A5"           value="A5" />
        <Item id="B5"           value="B5" />
        <Item id="STATEMENT"    value="Statement" />
    </Item>
    
    <Item id="ExternalLCF2Paper" value="ExternalLCF2_PaperSize">
        <Item id="Letter"       value="Letter" />
        <Item id="A4"           value="A4" />
        <Item id="A5"           value="A5" />
        <Item id="B5"           value="B5" />
        <Item id="STATEMENT"    value="Statement" />
    </Item>

    <!-- DRAWER MEDIA TYPES -->

    <Item id="Drawer1Media" value="Drawer1_PaperType">
        <Item id="Plain(Thin)"  value="PlainThin" />
        <Item id="Plain"        value="Plain" />
        <Item id="Plain 1"      value="Plain1" />
        <Item id="Plain 2"      value="Plain2" />
        <Item id="Recycled"     value="RecycledPaper" />
        <Item id="Thick 1"      value="Thick1" />
        <Item id="Thick 2"      value="Thick2" />
        <Item id="Thick 3"      value="Thick3" />
        <Item id="Thick 4"      value="Thick4" />
        <Item id="Special 4"    value="WaterProof4" />
        <Item id="Special 5"    value="WaterProof5" />
        <Item id="Special 6"    value="WaterProof6" />
        <Item id="Tab"          value="Tab" />
        <Item id="USER TYPE 1"  value="UserType1" />
        <Item id="USER TYPE 2"  value="UserType2" />
        <Item id="USER TYPE 3"  value="UserType3" />
        <Item id="USER TYPE 4"  value="UserType4" />
        <Item id="USER TYPE 5"  value="UserType5" />
        <Item id="Custom Type 1"  value="UserType1" />
        <Item id="Custom Type 2"  value="UserType2" />
        <Item id="Custom Type 3"  value="UserType3" />
        <Item id="Custom Type 4"  value="UserType4" />
        <Item id="Custom Type 5"  value="UserType5" />
        <Item id="Custom Type 6"  value="UserType6" />
        <Item id="Custom Type 7"  value="UserType7" />
        <Item id="Custom Type 8"  value="UserType8" />
        <Item id="Custom Type 9"  value="UserType9" />
        <Item id="Custom Type 10"  value="UserType10" />
    </Item>

    <Item id="Drawer2Media" value="Drawer2_PaperType">
        <Item id="Plain(Thin)"  value="PlainThin" />
        <Item id="Plain"        value="Plain" />
        <Item id="Plain 1"      value="Plain1" />
        <Item id="Plain 2"      value="Plain2" />
        <Item id="Recycled"     value="RecycledPaper" />
        <Item id="Thick 1"      value="Thick1" />
        <Item id="Thick 2"      value="Thick2" />
        <Item id="Thick 3"      value="Thick3" />
        <Item id="Thick 4"      value="Thick4" />
        <Item id="Special 4"    value="WaterProof4" />
        <Item id="Special 5"    value="WaterProof5" />
        <Item id="Special 6"    value="WaterProof6" />
        <Item id="Tab"          value="Tab" />
        <Item id="USER TYPE 1"  value="UserType1" />
        <Item id="USER TYPE 2"  value="UserType2" />
        <Item id="USER TYPE 3"  value="UserType3" />
        <Item id="USER TYPE 4"  value="UserType4" />
        <Item id="USER TYPE 5"  value="UserType5" />
        <Item id="Custom Type 1"  value="UserType1" />
        <Item id="Custom Type 2"  value="UserType2" />
        <Item id="Custom Type 3"  value="UserType3" />
        <Item id="Custom Type 4"  value="UserType4" />
        <Item id="Custom Type 5"  value="UserType5" />
        <Item id="Custom Type 6"  value="UserType6" />
        <Item id="Custom Type 7"  value="UserType7" />
        <Item id="Custom Type 8"  value="UserType8" />
        <Item id="Custom Type 9"  value="UserType9" />
        <Item id="Custom Type 10"  value="UserType10" />
    </Item>

    <Item id="Drawer3Media" value="Drawer3_PaperType">
        <Item id="Plain(Thin)"  value="PlainThin" />
        <Item id="Plain"        value="Plain" />
        <Item id="Plain 1"      value="Plain1" />
        <Item id="Plain 2"      value="Plain2" />
        <Item id="Recycled"     value="RecycledPaper" />
        <Item id="Thick 1"      value="Thick1" />
        <Item id="Thick 2"      value="Thick2" />
        <Item id="Thick 3"      value="Thick3" />
        <Item id="Thick 4"      value="Thick4" />
        <Item id="Special 4"    value="WaterProof4" />
        <Item id="Special 5"    value="WaterProof5" />
        <Item id="Special 6"    value="WaterProof6" />
        <Item id="Tab"          value="Tab" />
        <Item id="USER TYPE 1"  value="UserType1" />
        <Item id="USER TYPE 2"  value="UserType2" />
        <Item id="USER TYPE 3"  value="UserType3" />
        <Item id="USER TYPE 4"  value="UserType4" />
        <Item id="USER TYPE 5"  value="UserType5" />
        <Item id="Custom Type 1"  value="UserType1" />
        <Item id="Custom Type 2"  value="UserType2" />
        <Item id="Custom Type 3"  value="UserType3" />
        <Item id="Custom Type 4"  value="UserType4" />
        <Item id="Custom Type 5"  value="UserType5" />
        <Item id="Custom Type 6"  value="UserType6" />
        <Item id="Custom Type 7"  value="UserType7" />
        <Item id="Custom Type 8"  value="UserType8" />
        <Item id="Custom Type 9"  value="UserType9" />
        <Item id="Custom Type 10"  value="UserType10" />
    </Item>

    <Item id="Drawer4Media" value="Drawer4_PaperType">
        <Item id="Plain(Thin)"  value="PlainThin" />
        <Item id="Plain"        value="Plain" />
        <Item id="Plain 1"      value="Plain1" />
        <Item id="Plain 2"      value="Plain2" />
        <Item id="Recycled"     value="RecycledPaper" />
        <Item id="Thick 1"      value="Thick1" />
        <Item id="Thick 2"      value="Thick2" />
        <Item id="Thick 3"      value="Thick3" />
        <Item id="Thick 4"      value="Thick4" />
        <Item id="Special 4"    value="WaterProof4" />
        <Item id="Special 5"    value="WaterProof5" />
        <Item id="Special 6"    value="WaterProof6" />
        <Item id="Tab"          value="Tab" />
        <Item id="USER TYPE 1"  value="UserType1" />
        <Item id="USER TYPE 2"  value="UserType2" />
        <Item id="USER TYPE 3"  value="UserType3" />
        <Item id="USER TYPE 4"  value="UserType4" />
        <Item id="USER TYPE 5"  value="UserType5" />
        <Item id="Custom Type 1"  value="UserType1" />
        <Item id="Custom Type 2"  value="UserType2" />
        <Item id="Custom Type 3"  value="UserType3" />
        <Item id="Custom Type 4"  value="UserType4" />
        <Item id="Custom Type 5"  value="UserType5" />
        <Item id="Custom Type 6"  value="UserType6" />
        <Item id="Custom Type 7"  value="UserType7" />
        <Item id="Custom Type 8"  value="UserType8" />
        <Item id="Custom Type 9"  value="UserType9" />
        <Item id="Custom Type 10"  value="UserType10" />
    </Item>

    <Item id="LCFMedia" value="LCF_PaperType">
        <Item id="Plain(Thin)"  value="PlainThin" />
        <Item id="Plain"        value="Plain" />
        <Item id="Plain 1"      value="Plain1" />
        <Item id="Plain 2"      value="Plain2" />
        <Item id="Recycled"     value="RecycledPaper" />
        <Item id="Thick 1"      value="Thick1" />
        <Item id="Thick 2"      value="Thick2" />
        <Item id="Thick 3"      value="Thick3" />
        <Item id="Thick 3"      value="Thick4" />
        <Item id="USER TYPE 1"  value="UserType1" />
        <Item id="USER TYPE 2"  value="UserType2" />
        <Item id="USER TYPE 3"  value="UserType3" />
        <Item id="USER TYPE 4"  value="UserType4" />
        <Item id="USER TYPE 5"  value="UserType5" />
        <Item id="Custom Type 1"  value="UserType1" />
        <Item id="Custom Type 2"  value="UserType2" />
        <Item id="Custom Type 3"  value="UserType3" />
        <Item id="Custom Type 4"  value="UserType4" />
        <Item id="Custom Type 5"  value="UserType5" />
        <Item id="Custom Type 6"  value="UserType6" />
        <Item id="Custom Type 7"  value="UserType7" />
        <Item id="Custom Type 8"  value="UserType8" />
        <Item id="Custom Type 9"  value="UserType9" />
        <Item id="Custom Type 10"  value="UserType10" />
    </Item>

    <Item id="ExternalLCFMedia" value="ExternalLCF_PaperType">
        <Item id="Plain"        value="Plain" />
        <Item id="Plain 1"      value="Plain1" />
        <Item id="Plain 2"      value="Plain2" />
        <Item id="Recycled"     value="RecycledPaper" />
        <Item id="Thick 1"      value="Thick1" />
        <Item id="Thick 2"      value="Thick2" />
        <Item id="Thick 3"      value="Thick3" />
        <Item id="Thick 4"      value="Thick4" />
        <Item id="USER TYPE 1"  value="UserType1" />
        <Item id="USER TYPE 2"  value="UserType2" />
        <Item id="USER TYPE 3"  value="UserType3" />
        <Item id="USER TYPE 4"  value="UserType4" />
        <Item id="USER TYPE 5"  value="UserType5" />
        <Item id="Custom Type 1"  value="UserType1" />
        <Item id="Custom Type 2"  value="UserType2" />
        <Item id="Custom Type 3"  value="UserType3" />
        <Item id="Custom Type 4"  value="UserType4" />
        <Item id="Custom Type 5"  value="UserType5" />
        <Item id="Custom Type 6"  value="UserType6" />
        <Item id="Custom Type 7"  value="UserType7" />
        <Item id="Custom Type 8"  value="UserType8" />
        <Item id="Custom Type 9"  value="UserType9" />
        <Item id="Custom Type 10"  value="UserType10" />
    </Item>
    
    <Item id="ExternalLCF2Media" value="ExternalLCF2_PaperType">
        <Item id="Plain"        value="Plain" />
        <Item id="Plain 1"      value="Plain1" />
        <Item id="Plain 2"      value="Plain2" />
        <Item id="Recycled"     value="RecycledPaper" />
        <Item id="Thick 1"      value="Thick1" />
        <Item id="Thick 2"      value="Thick2" />
        <Item id="Thick 3"      value="Thick3" />
        <Item id="Thick 4"      value="Thick4" />
        <Item id="USER TYPE 1"  value="UserType1" />
        <Item id="USER TYPE 2"  value="UserType2" />
        <Item id="USER TYPE 3"  value="UserType3" />
        <Item id="USER TYPE 4"  value="UserType4" />
        <Item id="USER TYPE 5"  value="UserType5" />
        <Item id="Custom Type 1"  value="UserType1" />
        <Item id="Custom Type 2"  value="UserType2" />
        <Item id="Custom Type 3"  value="UserType3" />
        <Item id="Custom Type 4"  value="UserType4" />
        <Item id="Custom Type 5"  value="UserType5" />
        <Item id="Custom Type 6"  value="UserType6" />
        <Item id="Custom Type 7"  value="UserType7" />
        <Item id="Custom Type 8"  value="UserType8" />
        <Item id="Custom Type 9"  value="UserType9" />
        <Item id="Custom Type 10"  value="UserType10" />
    </Item>

    <Item id="BypassMedia" value="Bypass_PaperType">
        <Item id="Plain"            value="Plain" />
        <Item id="Plain(Thin)"      value="PlainThin" />
        <Item id="Recycled"         value="RecycledPaper" />
        <Item id="Thick 1"          value="Thick1" />
        <Item id="Thick 2"          value="Thick2" />
        <Item id="Thick 3"          value="Thick3" />
        <Item id="Thick 4"          value="Thick4" />
        <Item id="Thick 5"          value="Thick5" />
        <Item id="Special 1"        value="WaterProof1" />
        <Item id="Special 2"        value="WaterProof2" />
        <Item id="Special 3"        value="WaterProof3" />
        <Item id="Special 4"        value="WaterProof4" />
        <Item id="Special 5"        value="WaterProof5" />
        <Item id="Special 6"        value="WaterProof6" />
        <Item id="Transparency"     value="Transparency" />
        <Item id="Plain 1"          value="Plain1" />
        <Item id="Plain 2"          value="Plain2" />
        <Item id="Plain(Back)"      value="PlainBack" />
        <Item id="Recycled(Back)"   value="RecycledPaperBack" />
        <Item id="Thick 1(Back)"    value="Thick1Back" />
        <Item id="Thick 2(Back)"    value="Thick2Back" />
        <Item id="Thick 3(Back)"    value="Thick3Back" />
        <Item id="Thick 4(Back)"    value="Thick4Back" />
        <Item id="Special 1(Back)"  value="WaterProof1Back" />
        <Item id="Special 2(Back)"  value="WaterProof2Back" />
        <Item id="Special 3(Back)"  value="WaterProof3Back" />
        <Item id="Tab"              value="Tab" />
        <Item id="Thin"             value="Thin" />
        <Item id="Thin(Back)"       value="ThinBack" />
        <Item id="Envelope 1"       value="Envelope1" />
        <Item id="Envelope 2"       value="Envelope2" />
        <Item id="Envelope 3"       value="Envelope3" />
        <Item id="Envelope 4"       value="Envelope4" />
        <Item id="USER TYPE 1"      value="UserType1" />
        <Item id="USER TYPE 2"      value="UserType2" />
        <Item id="USER TYPE 3"      value="UserType3" />
        <Item id="USER TYPE 4"      value="UserType4" />
        <Item id="USER TYPE 5"      value="UserType5" />
        <Item id="Custom Type 1"  value="UserType1" />
        <Item id="Custom Type 2"  value="UserType2" />
        <Item id="Custom Type 3"  value="UserType3" />
        <Item id="Custom Type 4"  value="UserType4" />
        <Item id="Custom Type 5"  value="UserType5" />
        <Item id="Custom Type 6"  value="UserType6" />
        <Item id="Custom Type 7"  value="UserType7" />
        <Item id="Custom Type 8"  value="UserType8" />
        <Item id="Custom Type 9"  value="UserType9" />
        <Item id="Custom Type 10"  value="UserType10" />
    </Item>

    <!-- DRAWER PAPER ATTRIBUTES -->
    <Item id="Drawer1Attr" value="Drawer1_Attribute">
        <Item id="None"     value="None" />
        <Item id="Cover"    value="Cover" />
        <Item id="Sheet 1"  value="Sheet_1" />
        <Item id="Sheet 2"  value="Sheet_2" />
        <Item id="Special"  value="Special" />
        <Item id="Fax"      value="Fax" />
        <Item id="1Side"    value="OneSide" />
        <Item id="Black"    value="Black" />
        <Item id="1 SideBlack"  value="OneSide_Black" />
        <Item id="Reuse"    value="Reuse" />
    </Item>

    <Item id="Drawer2Attr" value="Drawer2_Attribute">
        <Item id="None"     value="None" />
        <Item id="Cover"    value="Cover" />
        <Item id="Sheet 1"  value="Sheet_1" />
        <Item id="Sheet 2"  value="Sheet_2" />
        <Item id="Special"  value="Special" />
        <Item id="Fax"      value="Fax" />
        <Item id="1Side"    value="OneSide" />
        <Item id="Black"    value="Black" />
        <Item id="1 SideBlack"  value="OneSide_Black" />
        <Item id="Reuse"    value="Reuse" />
    </Item>

    <Item id="Drawer3Attr" value="Drawer3_Attribute">
        <Item id="None"     value="None" />
        <Item id="Cover"    value="Cover" />
        <Item id="Sheet 1"  value="Sheet_1" />
        <Item id="Sheet 2"  value="Sheet_2" />
        <Item id="Special"  value="Special" />
        <Item id="Fax"      value="Fax" />
        <Item id="1Side"    value="OneSide" />
        <Item id="Black"    value="Black" />
        <Item id="1 SideBlack"  value="OneSide_Black" />
        <Item id="Reuse"    value="Reuse" />
    </Item>

    <Item id="Drawer4Attr" value="Drawer4_Attribute">
        <Item id="None"     value="None" />
        <Item id="Cover"    value="Cover" />
        <Item id="Sheet 1"  value="Sheet_1" />
        <Item id="Sheet 2"  value="Sheet_2" />
        <Item id="Special"  value="Special" />
        <Item id="Fax"      value="Fax" />
        <Item id="1Side"    value="OneSide" />
        <Item id="Black"    value="Black" />
        <Item id="1 SideBlack"  value="OneSide_Black" />
        <Item id="Reuse"    value="Reuse" />
    </Item>

    <Item id="LCFAttr" value="LCF_Attribute">
        <Item id="None"     value="None" />
        <Item id="Cover"    value="Cover" />
        <Item id="Sheet 1"  value="Sheet_1" />
        <Item id="Sheet 2"  value="Sheet_2" />
        <Item id="Special"  value="Special" />
        <Item id="Fax"      value="Fax" />
        <Item id="1Side"    value="OneSide" />
        <Item id="Black"    value="Black" />
        <Item id="1 SideBlack"  value="OneSide_Black" />
    </Item>

    <Item id="ExternalLCFAttr" value="ExternalLCF_Attribute">
        <Item id="None"     value="None" />
        <Item id="Cover"    value="Cover" />
        <Item id="Sheet 1"  value="Sheet_1" />
        <Item id="Sheet 2"  value="Sheet_2" />
        <Item id="Special"  value="Special" />
        <Item id="Fax"      value="Fax" />
        <Item id="1Side"    value="OneSide" />
        <Item id="Black"    value="Black" />
        <Item id="1 SideBlack"      value="OneSide_Black" />
    </Item>
    
    <Item id="ExternalLCF2Attr" value="ExternalLCF2_Attribute">
        <Item id="None"     value="None" />
        <Item id="Cover"    value="Cover" />
        <Item id="Sheet 1"  value="Sheet_1" />
        <Item id="Sheet 2"  value="Sheet_2" />
        <Item id="Special"  value="Special" />
        <Item id="Fax"      value="Fax" />
        <Item id="1Side"    value="OneSide" />
        <Item id="Black"    value="Black" />
        <Item id="1 SideBlack"      value="OneSide_Black" />
    </Item>

    <Item id="BypassAttr" value="Bypass_Attribute">
        <Item id="None"     value="None" />
        <Item id="Cover"    value="Cover" />
        <Item id="Sheet 1"  value="Sheet_1" />
        <Item id="Sheet 2"  value="Sheet_2" />
        <Item id="Special"  value="Special" />
        <Item id="Fax"      value="Fax" />
    </Item>

    <!-- PDL RELATED OPTIONS -->
    <Item id="OutputPDL" value="OutputPDL">
        <Item id="PCL6" value="PCLXL" />
        <Item id="PostScript" value="PS" />
    </Item>

    <Item id="OutputFormat" value="OutputFormat">
        <Item id="ASCII" value="ASCII" />
        <Item id="Encapsulated PostScript(EPS)" value="EPS" />
        <Item id="Using Adobe DSC" value="UADSC" />
    </Item>

    <Item id="PrintErrorInfo" value="PrintErrorInfo">
        <Item id="true"  value="True" />
        <Item id="false" value="False" />
    </Item>

    <Item id="CompressBitmap" value="CompressBitmap">
        <Item id="true"  value="True" />
        <Item id="false" value="False" />
    </Item>

    <Item id="JPEGCompression" value="JPEGCompression">
        <Item id="true"  value="True" />
        <Item id="false" value="False" />
    </Item>

    <!-- ACCOUNT SETTINGS -->
    <Item id="UseUserAuthentication" value="EnableAuthenticationType">
        <Item id="true" value="True"/>
        <Item id="false" value="False"/>
    </Item>

    <Item id="UserAuthenticationType" value="UserAuthenticationType">
        <Item id="MFPLocal" value="MFPLocal" />
        <Item id="WindowsDomain" value="WindowsDomain" />
        <Item id="LDAP" value="LDAP" />
    </Item>

    <Item id="PasswordAuthentication" value="UseUserAuthentication">
        <Item id="true"  value="True" />
        <Item id="false" value="False" />
    </Item>

    <Item id="PrivatePrintRestriction" value="PrivatePrintRestriction">
        <Item id="true"  value="True" />
        <Item id="false" value="False" />
    </Item>

    <Item id="HoldPrintRestriction" value="HoldPrintRestriction">
        <Item id="true"  value="True" />
        <Item id="false" value="False" />
    </Item>

    <!-- LOCALISATION -->
    <Item id="Language"  value="Localisation">
        <Item id="Auto"  value="Auto"  />
        <Item id="cs"    value="cs"    />
        <Item id="en-us" value="en-us" />
        <Item id="en-gb" value="en-gb" />
        <Item id="ja"    value="ja"    />
        <Item id="fr-fr" value="fr-fr" />
        <Item id="hu"    value="hu"    />
        <Item id="it-it" value="it-it" />
        <Item id="de-de" value="de-de" />
        <Item id="es-es" value="es-es" />
        <Item id="da"    value="da"    />
        <Item id="nl-nl" value="nl-nl" />
        <Item id="fi"    value="fi"    />
        <Item id="no-no" value="no-no" />
        <Item id="sv-se" value="sv-se" />
        <Item id="pl"    value="pl"    />
        <Item id="pt-br" value="pt-br" />
        <Item id="pt-pt" value="pt-pt" />
        <Item id="ru"    value="ru"    />
        <Item id="zh-cn" value="zh-cn" />
        <Item id="zh-tw" value="zh-tw" />
        <Item id="tr-tr" value="tr-tr" />
    </Item>

    <Item id="EnableRedSeal" value="EnableRedSeal">
        <Item id="0" value="DefaultOff" />
        <Item id="1" value="DefaultOn" />
        <Item id="2" value="NeverOn" />
        <Item id="3" value="AlwaysOn" />
    </Item>

    <Item id="HDD" value="Harddisk">
        <Item id="true"  value="True" />
        <Item id="false" value="False" />
    </Item>

    <Item id="ADUnit" value="AutoDuplexingUnit">
        <Item id="true"  value="True" />
        <Item id="false" value="False" />
    </Item>

    <Item id="XLThinLineAdjustment" value="XLThinLineAdjustment">
        <Item id="true"  value="true" />
        <Item id="false" value="false" />
    </Item>

    <Item id="A3LD180Degree" value="A3LD180Degree">
        <Item id="true"  value="true" />
        <Item id="false" value="false" />
    </Item>

    <!-- XMLCustomisation -->
    <Item id="DeptCodeInFile" value="DeptCodeInFile">
        <Item id="true"  value="True" />
        <Item id="false" value="False" />
    </Item>

    <Item id="NickNameInFile" value="NickNameInFile">
        <Item id="true"  value="True" />
        <Item id="false" value="False" />
    </Item>

    <Item id="PrivatePrintInFile" value="PrivatePrintInFile">
        <Item id="true"  value="True" />
        <Item id="false" value="False" />
    </Item>

    <Item id="EFilingInFile" value="EFilingInFile">
        <Item id="true"  value="True" />
        <Item id="false" value="False" />
    </Item>

    <Item id="PJCodeInFile" value="PJCodeInFile">
        <Item id="true"  value="True" />
        <Item id="false" value="False" />
    </Item>

    <Item id="LargePaperSizeSupportInOPS" value="LargePaperSizeSupportInOPS">
        <Item id="true"  value="True" />
        <Item id="false" value="False" />
    </Item>
    <Item id="ExtendCharsforPassword" value="ExtendCharsforPassword">
        <Item id="true"  value="True" />
        <Item id="false" value="False" />
    </Item>
    <Item id="EnableJOBENDPJL" value="JobEndPjl">
        <Item id="true"  value="True" />
        <Item id="false" value="False" />
    </Item>
    <Item id="EnhanceLetterhead" value="EnhanceLetterhead">
        <Item id="true"  value="True" />
        <Item id="false" value="False" />
    </Item>
    <Item id="EnableAnywhereJob" value="EnableAnywhereJob">
        <Item id="0" value="DefaultOff" />
        <Item id="1" value="DefaultOn" />
        <Item id="2" value="NeverOn" />
        <Item id="3" value="AlwaysOn" />
    </Item>
    <Item id="EnableDuplexAdjustment" value="EnableDuplexAdjustment">
        <Item id="0" value="DefaultOff" />
        <Item id="1" value="DefaultOn" />
        <Item id="2" value="NeverOn" />
        <Item id="3" value="AlwaysOn" />
    </Item>
</FWPropertyManager>
