<?xml version="1.0" encoding="utf-8" ?>
<FWPropertyManager>
    <Item id="LOCALDISCOVERY">
      <Item id="PrinterDiscovery" value=""/>
    </Item>
    <Item id="DISCOVERYSETTINGS">
      <Item id="IpxSpxSearch" value="false"/>
      <Item id="TcpIpSearch" value="true"/>
      <Item id="LocalSubnetSearch" value="true"/>
      <Item id="IpV4Search" value="true"/>
      <Item id="IpV6Search" value="false"/>
      <Item id="IpV4From" value=""/>
      <Item id="IpV4To" value=""/>
      <Item id="IpV6From" value=""/>
      <Item id="IpV6To" value=""/>
      <Item id="BpSearch" value="true"/>
      <Item id="MashSearch" value="true"/>
      <Item id="LoireSearch" value="true"/>
      <Item id="AlabamaSearch" value="true"/>
      <Item id="ExBpSearch" value="true"/>
      <Item id="ExMashSearch" value="true"/>
      <Item id="ExAlabamaSearch" value="true"/>
      <Item id="ExLoireSearch" value="true"/>
      <Item id="Weisshorn" value="true"/>
      <Item id="Weisshorn2" value="true"/>
      <Item id="Weisshorn3" value="true"/>
      <Item id="Weisshorn4" value="true"/>
      <Item id="StHelens" value="true"/>
      <Item id="Mosel" value="true"/>
      <Item id="ExBP2" value="true"/>
      <Item id="Shasta1" value="true"/>
      <Item id="Shasta2" value="true"/>
      <Item id="Shasta3" value="true"/>
      <Item id="ExAlabama2" value="true"/>
      <Item id="Shastina1" value="true"/>
      <Item id="Shastina2" value="true"/>
      <Item id="Shastina3" value="true"/>
      <Item id="ExLoire2" value="true"/>
      <Item id="Reuss1" value="true"/>
      <Item id="Caspian" value="true"/>
      <Item id="Reuss2" value="true"/>
      <Item id="Reuss3" value="true"/>
      <Item id="EcoLoire" value="true"/>
      <Item id="EcoLoire2" value="true"/>
      <Item id="Matterhorn" value="true"/>
    </Item>
</FWPropertyManager>
